<?xml version="1.0" encoding="UTF-8"?><TaskList Version="2.0"><Task ConnectorKind="local" RepositoryUrl="local" TaskId="1" Handle="local-1" Label="v0.10：初期画面表示" Priority="P3" Kind="task" IssueURL="" Notes="" Estimated="0" EndDate="" CreationDate="2022-03-06 16:48:32.517 +0900" ModificationDate="" DueDate="" Owner="local" Active="false" ScheduledStartDate="2022-03-06 00:00:00.0 +0900" ScheduledEndDate="2022-03-12 23:59:59.999 +0900" Reminded="false" MarkReadPending="false" NotifiedIncoming="true" offlineSyncState="SYNCHRONIZED"/><Task ConnectorKind="local" RepositoryUrl="local" TaskId="2" Handle="local-2" Label="v0.20：商品一覧表示" Priority="P3" Kind="task" IssueURL="" Notes="" Estimated="0" EndDate="" CreationDate="2022-03-06 16:49:28.852 +0900" ModificationDate="" DueDate="" Owner="local" Active="false" ScheduledStartDate="2022-03-06 00:00:00.0 +0900" ScheduledEndDate="2022-03-12 23:59:59.999 +0900" Reminded="false" MarkReadPending="false" NotifiedIncoming="true" offlineSyncState="SYNCHRONIZED"/><Task ConnectorKind="local" RepositoryUrl="local" TaskId="3" Handle="local-3" Label="v0.30：カート操作" Priority="P3" Kind="task" IssueURL="" Notes="" Estimated="0" EndDate="" CreationDate="2022-03-06 16:49:59.840 +0900" ModificationDate="" DueDate="" Owner="local" Active="false" ScheduledStartDate="2022-03-06 00:00:00.0 +0900" ScheduledEndDate="2022-03-12 23:59:59.999 +0900" Reminded="false" MarkReadPending="false" NotifiedIncoming="true" offlineSyncState="SYNCHRONIZED"><SubTask Handle="local-5"/><SubTask Handle="local-4"/><SubTask Handle="local-6"/></Task><Task ConnectorKind="local" RepositoryUrl="local" TaskId="7" Handle="local-7" Label="v0.40：送付先入力" Priority="P3" Kind="task" IssueURL="" Notes="" Estimated="0" EndDate="" CreationDate="2022-03-06 16:51:57.666 +0900" ModificationDate="" DueDate="" Owner="local" Active="false" ScheduledStartDate="2022-03-06 00:00:00.0 +0900" ScheduledEndDate="2022-03-12 23:59:59.999 +0900" Reminded="false" MarkReadPending="false" NotifiedIncoming="true" offlineSyncState="SYNCHRONIZED"><SubTask Handle="local-9"/><SubTask Handle="local-8"/></Task><Task ConnectorKind="local" RepositoryUrl="local" TaskId="10" Handle="local-10" Label="v0.50：注文登録" Priority="P3" Kind="task" IssueURL="" Notes="" Estimated="0" EndDate="" CreationDate="2022-03-06 16:53:37.196 +0900" ModificationDate="" DueDate="" Owner="local" Active="false" ScheduledStartDate="2022-03-06 00:00:00.0 +0900" ScheduledEndDate="2022-03-12 23:59:59.999 +0900" Reminded="false" MarkReadPending="false" NotifiedIncoming="true" offlineSyncState="SYNCHRONIZED"><SubTask Handle="local-12"/><SubTask Handle="local-11"/><SubTask Handle="local-13"/></Task><TaskCategory Handle="handle-1" Name="サンプルショッピンサイト開発"><TaskReference Handle="local-3"/><TaskReference Handle="local-10"/><TaskReference Handle="local-2"/><TaskReference Handle="local-1"/><TaskReference Handle="local-7"/></TaskCategory></TaskList>